<?xml version="1.0" encoding="UTF-8"?>
<!DOCTYPE suite SYSTEM "http://testng.org/testng-1.0.dtd">
<suite thread-count="1" name="Suite">
  <test name="Test">
    <classes>
      <class name="testcases.TC002_AccountLogin"/>
      <class name="testcases.TC003_ForgotPassword"/>
      <class name="testcases.TC004_FooterValidation"/>
      <class name="testcases.TC005_Deposit"/>
      <class name="testcases.TC008_MonthlyTransfer"/>
      <class name="testcases.TC009_TransferErrorMessageValidation"/>
      <class name="testcases.TC010_AllActivity"/>
      <class name="testcases.TC011_AboutPrepaidCard"/>
      <class name="testcases.TC015_MyProfile"/>
      <class name="testcases.TC016_CreateNewAccount"/>
      <class name="testcases.TC017_LoggedIn_HelpScreen"/>
      <class name="testcases.TC018_LoggedOut_HelpScreen"/>
    </classes>
  </test> <!-- Test -->
</suite> <!-- Suite -->
