<?xml version="1.0" encoding="UTF-8"?>
<!DOCTYPE suite SYSTEM "http://testng.org/testng-1.0.dtd">
<suite name="Suite">
  <test name="Test">
    <classes>
      <class name="testcases.TC002_AccountLogin"/>
      <class name="testcases.TC003_Verify_Forgot_Password"/>
      <class name="testcases.TC004_Verify_Footer_Validation"/>
      <class name="testcases.TC005_Verify_Deposit_Into_Sumday_Account"/>
      <class name="testcases.TC008_Verify_Monthly_Transfer_Edit_And_Stop_Monthly_Transfer"/>
      <class name="testcases.TC010_Verify_Transaction_Under_All_Activity"/>
      <class name="testcases.TC012_Verify_Beneficiary_Registration_Flow"/>
      <class name="testcases.TC013_Verify_ALR_Registration_Flow"/>
      <class name="testcases.TC014_Verify_Multiple_Beneficiary_Registration_Flow"/>
      <class name="testcases.TC015_Verify_My_Profile"/>
      <class name="testcases.TC016_Verify_Create_New_Account"/>
      <class name="testcases.TC017_Verify_Logged_In_Help_Screen"/>
      <class name="testcases.TC018_Verify_Logged_Out_Help_Screen"/>
      <class name="testcases.TC020_Check_Bank_Account_Is_Created_Through_Manual_Flow"/>
      <class name="testcases.TC022_Verify_Minor_Beneficiary_Validation"/>
      <class name="testcases.TC023_Verify_Minor_ALR_Validation"/>
    </classes>
  </test> <!-- Test -->
</suite> <!-- Suite -->
